cluster,temperature,temperature_var,humidity,humidity_var,co2,co2_var,ammonia,ammonia_var,hour_sin,hour_cos,interpretation
0,25.226242063492062,0.16865251190489913,56.17424206349206,2.2628359766256927,687.0377380952382,626.7030552470533,5.500591269841269,0.3336405555555438,0.7162993212295916,-0.5495434700901504,Normal/Comfortable
1,20.772869047619047,0.16453220617522762,63.863749999999996,2.2320311293618222,606.7746031746032,615.2585735340828,1.009,0.4477374825680998,0.5496596975579335,0.7162101367568171,Normal/Comfortable
2,25.209992181391712,0.16338239510047062,56.2069781078968,2.383159275904245,664.5480844409695,645.8702842500187,6.504859265050821,0.26097581704453365,-0.5563363423269277,-0.7056717606224714,Normal/Comfortable
3,20.736337630942785,0.15981755304774453,63.90162771958098,2.225299537559204,624.893311845286,588.1399350435853,7.519456083803385,0.25459027844923343,-0.7119695260565199,0.5580613874586144,Normal/Comfortable
