k,silhouette_score,davies_bouldin_index
2,0.5608829479137295,0.6329730344617447
3,0.6539191200514438,0.49765942381044015
4,0.7348619750996006,0.3595467085735714
5,0.6839814412539171,0.42715066181931627
