test,coefficient,p_value
Pearson,0.9987647529277821,0.0
Spearman,0.9982451740738069,0.0
