metric,raw_weight_kg,raw_weight_kg_ref
count,5000.0,5000.0
mean,1.4907232088947784,1.4910562737114532
std,1.1891073664561151,1.192001400990412
min,-0.1509756077910412,-0.3305018151705576
25%,0.06590630637707452,0.14427598078596748
50%,1.447337320742618,1.4475320033338193
75%,2.292676709224269,2.2953150031823184
max,4.956841051154215,5.068889824109673
