metric,value
MAE,0.0472392143557225
RMSE,0.05924108662973315
MSE,0.0035095063450715485
Bias,-0.00033306481667525097
Std_Error,0.05924607524879533
Median_AE,0.03940419481523873
MAPE_percent,16.83740313029891
