metric,value
slope,0.996339873490384
intercept,0.00512438977806573
r_value,0.9987647529277822
r_squared,0.9975310316908939
p_value,0.0
std_err,0.0007011386943567467
