Method,Precision,Recall,F1-Score,False Alarm Rate,TP,FP,TN,FN
Z-Score,0.0,0.0,0.0,0.0,0,0,1311,129
Isolation Forest,0.45517241379310347,0.5116279069767442,0.48175182481751827,0.060259344012204424,66,79,1232,63
LOF,0.33948339483394835,0.7131782945736435,0.46,0.13653699466056446,92,179,1132,37
Ensemble,1.0,0.007751937984496124,0.015384615384615384,0.0,1,0,1311,128
