Sensor,MAE,RMSE,R²,MAPE (%)
Temperature,0.09201987536002386,0.12059118016843387,0.9988576196087653,0.33443227638322975
Humidity,0.3706933441287912,0.48649128266157576,0.9956619453172484,0.6274497881698686
Co2,9.71586804682311,12.820593735460168,0.9929414699665314,1.2558200060589453
Ammonia,0.39784459598159405,0.5320749258470094,0.9902768717187942,5.079483237830209
