cluster,temperature,temperature_var,humidity,humidity_var,co2,co2_var,ammonia,ammonia_var,hour,hour_sin,hour_cos,interpretation
0,24.87043600786804,0.22742661527889022,66.41181193786512,3.8402879647774006,669.4109272764275,2242.682267315283,7.62332782690018,13.662997872950106,14.506963788300835,-0.5511772239046085,-0.7155226278043303,Normal/Comfortable
1,31.176976111436574,0.2289708108757553,53.80906545806821,3.997741902550065,924.0331080309235,2691.1089419107316,14.177511566487036,19.509617339165363,2.5,0.5496461760604292,0.7163128427270959,heat-stress
2,24.84520475452583,0.25730011891019366,66.45061349637156,3.7497548191213066,667.8212881188588,2659.738407905752,7.852405220335803,17.278458869891423,20.5,-0.716312842727096,0.549646176060429,Normal/Comfortable
3,31.169573962215775,0.268197759290512,53.57664510343193,3.864534587908186,930.4762988850623,2966.01476446173,14.191372670221751,16.535763999666507,8.509695290858726,0.7143285966253587,-0.5508936935782673,heat-stress
