step,temperature,humidity,co2,ammonia
step_1,19.781492445618618,66.80563506769089,580.0968473632079,8.265164091337434
step_2,19.662495340059802,66.7786276101327,587.0910694090288,8.153233979093008
step_3,19.58067740635374,66.65015315809417,589.60407009362,8.09512570385262
step_4,19.556417527636594,66.5841396151332,590.6923120477262,8.083823551896742
step_5,19.51625455773356,66.53064668821366,592.0107562509137,8.066911348838408
